{"cameraMode":{"drawMode":0,"name":"Shaded","section":"Shading Mode"},"sceneLighting":true,"audioPlay":false,"sceneViewState":{"showFog":true,"showMaterialUpdate":false,"showSkybox":false,"showFlares":true,"showImageEffects":true,"showParticleSystems":true},"in2DMode":false,"pivot":{"x":4.732264518737793,"y":3.636523485183716,"z":11.797266006469727},"rotation":{"x":0.4758227467536926,"y":-0.0015831299824640155,"z":0.0008566591423004866,"w":0.8795439600944519},"size":10.010626792907715,"orthographic":true}